Timecode List:,00:00:11.333,00:00:14.333,00:00:16.958,00:00:19.458,00:00:20.208,00:00:21.875,00:00:25.250,00:00:29.042,00:00:31.333,00:00:33.542,00:00:35.792,00:00:37.833,00:00:40.542,00:00:43.375,00:00:44.250,00:00:45.083,00:00:47.583,00:00:54.792,00:01:01.292,00:01:07.583,00:01:10.667,00:01:11.375,00:01:13.333,00:01:14.375,00:01:15.500,00:01:23.042,00:01:25.000,00:01:25.750,00:01:27.250,00:01:28.000,00:01:32.333,00:01:33.958,00:01:35.958,00:01:49.667,00:01:54.250,00:01:55.333,00:01:57.542,00:02:00.375,00:02:03.250,00:02:04.208,00:02:07.708,00:02:13.125,00:02:14.833,00:02:19.167,00:02:20.125,00:02:22.333,00:02:33.208,00:02:38.208,00:02:41.167,00:02:44.542,00:02:47.250,00:02:57.167,00:03:04.458,00:03:05.917,00:03:08.500,00:03:18.708
Scene Number,Start Frame,Start Timecode,Start Time (seconds),End Frame,End Timecode,End Time (seconds),Length (frames),Length (timecode),Length (seconds)
1,1,00:00:00.000,0.000,272,00:00:11.333,11.333,272,00:00:11.333,11.333
2,273,00:00:11.333,11.333,344,00:00:14.333,14.333,72,00:00:03.000,3.000
3,345,00:00:14.333,14.333,407,00:00:16.958,16.958,63,00:00:02.625,2.625
4,408,00:00:16.958,16.958,467,00:00:19.458,19.458,60,00:00:02.500,2.500
5,468,00:00:19.458,19.458,485,00:00:20.208,20.208,18,00:00:00.750,0.750
6,486,00:00:20.208,20.208,525,00:00:21.875,21.875,40,00:00:01.667,1.667
7,526,00:00:21.875,21.875,606,00:00:25.250,25.250,81,00:00:03.375,3.375
8,607,00:00:25.250,25.250,697,00:00:29.042,29.042,91,00:00:03.792,3.792
9,698,00:00:29.042,29.042,752,00:00:31.333,31.333,55,00:00:02.292,2.292
10,753,00:00:31.333,31.333,805,00:00:33.542,33.542,53,00:00:02.208,2.208
11,806,00:00:33.542,33.542,859,00:00:35.792,35.792,54,00:00:02.250,2.250
12,860,00:00:35.792,35.792,908,00:00:37.833,37.833,49,00:00:02.042,2.042
13,909,00:00:37.833,37.833,973,00:00:40.542,40.542,65,00:00:02.708,2.708
14,974,00:00:40.542,40.542,1041,00:00:43.375,43.375,68,00:00:02.833,2.833
15,1042,00:00:43.375,43.375,1062,00:00:44.250,44.250,21,00:00:00.875,0.875
16,1063,00:00:44.250,44.250,1082,00:00:45.083,45.083,20,00:00:00.833,0.833
17,1083,00:00:45.083,45.083,1142,00:00:47.583,47.583,60,00:00:02.500,2.500
18,1143,00:00:47.583,47.583,1315,00:00:54.792,54.792,173,00:00:07.208,7.208
19,1316,00:00:54.792,54.792,1471,00:01:01.292,61.292,156,00:00:06.500,6.500
20,1472,00:01:01.292,61.292,1622,00:01:07.583,67.583,151,00:00:06.292,6.292
21,1623,00:01:07.583,67.583,1696,00:01:10.667,70.667,74,00:00:03.083,3.083
22,1697,00:01:10.667,70.667,1713,00:01:11.375,71.375,17,00:00:00.708,0.708
23,1714,00:01:11.375,71.375,1760,00:01:13.333,73.333,47,00:00:01.958,1.958
24,1761,00:01:13.333,73.333,1785,00:01:14.375,74.375,25,00:00:01.042,1.042
25,1786,00:01:14.375,74.375,1812,00:01:15.500,75.500,27,00:00:01.125,1.125
26,1813,00:01:15.500,75.500,1993,00:01:23.042,83.042,181,00:00:07.542,7.542
27,1994,00:01:23.042,83.042,2040,00:01:25.000,85.000,47,00:00:01.958,1.958
28,2041,00:01:25.000,85.000,2058,00:01:25.750,85.750,18,00:00:00.750,0.750
29,2059,00:01:25.750,85.750,2094,00:01:27.250,87.250,36,00:00:01.500,1.500
30,2095,00:01:27.250,87.250,2112,00:01:28.000,88.000,18,00:00:00.750,0.750
31,2113,00:01:28.000,88.000,2216,00:01:32.333,92.333,104,00:00:04.333,4.333
32,2217,00:01:32.333,92.333,2255,00:01:33.958,93.958,39,00:00:01.625,1.625
33,2256,00:01:33.958,93.958,2303,00:01:35.958,95.958,48,00:00:02.000,2.000
34,2304,00:01:35.958,95.958,2632,00:01:49.667,109.667,329,00:00:13.708,13.708
35,2633,00:01:49.667,109.667,2742,00:01:54.250,114.250,110,00:00:04.583,4.583
36,2743,00:01:54.250,114.250,2768,00:01:55.333,115.333,26,00:00:01.083,1.083
37,2769,00:01:55.333,115.333,2821,00:01:57.542,117.542,53,00:00:02.208,2.208
38,2822,00:01:57.542,117.542,2889,00:02:00.375,120.375,68,00:00:02.833,2.833
39,2890,00:02:00.375,120.375,2958,00:02:03.250,123.250,69,00:00:02.875,2.875
40,2959,00:02:03.250,123.250,2981,00:02:04.208,124.208,23,00:00:00.958,0.958
41,2982,00:02:04.208,124.208,3065,00:02:07.708,127.708,84,00:00:03.500,3.500
42,3066,00:02:07.708,127.708,3195,00:02:13.125,133.125,130,00:00:05.417,5.417
43,3196,00:02:13.125,133.125,3236,00:02:14.833,134.833,41,00:00:01.708,1.708
44,3237,00:02:14.833,134.833,3340,00:02:19.167,139.167,104,00:00:04.333,4.333
45,3341,00:02:19.167,139.167,3363,00:02:20.125,140.125,23,00:00:00.958,0.958
46,3364,00:02:20.125,140.125,3416,00:02:22.333,142.333,53,00:00:02.208,2.208
47,3417,00:02:22.333,142.333,3677,00:02:33.208,153.208,261,00:00:10.875,10.875
48,3678,00:02:33.208,153.208,3797,00:02:38.208,158.208,120,00:00:05.000,5.000
49,3798,00:02:38.208,158.208,3868,00:02:41.167,161.167,71,00:00:02.958,2.958
50,3869,00:02:41.167,161.167,3949,00:02:44.542,164.542,81,00:00:03.375,3.375
51,3950,00:02:44.542,164.542,4014,00:02:47.250,167.250,65,00:00:02.708,2.708
52,4015,00:02:47.250,167.250,4252,00:02:57.167,177.167,238,00:00:09.917,9.917
53,4253,00:02:57.167,177.167,4427,00:03:04.458,184.458,175,00:00:07.292,7.292
54,4428,00:03:04.458,184.458,4462,00:03:05.917,185.917,35,00:00:01.458,1.458
55,4463,00:03:05.917,185.917,4524,00:03:08.500,188.500,62,00:00:02.583,2.583
56,4525,00:03:08.500,188.500,4769,00:03:18.708,198.708,245,00:00:10.208,10.208
57,4770,00:03:18.708,198.708,4978,00:03:27.417,207.417,209,00:00:08.708,8.708
